Index,User Id,First Name,Last Name,Sex,Email,Job Title
1,88F7B33d2bcf9f5,Shelby,Terrell,Male,elijah57@example.net,Games developer
2,f90cD3E76f1A9b9,Phillip,Summers,Female,bethany14@example.com,Phytotherapist
3,DbeAb8CcdfeFC2c,Kristine,Travis,Male,bthompson@example.com,Homeopath
4,A31Bee3c201ef58,Yesenia,Martinez,Male,kaitlinkaiser@example.com,Market researcher
5,1bA7A3dc874da3c,Lori,Todd,Male,buchananmanuel@example.net,Veterinary surgeon
6,bfDD7CDEF5D865B,Erin,Day,Male,tconner@example.org,Waste management officer
7,bE9EEf34cB72AF7,Katherine,Buck,Female,conniecowan@example.com,Intelligence analyst
8,2EFC6A4e77FaEaC,Ricardo,Hinton,Male,wyattbishop@example.com,Hydrogeologist
9,baDcC4DeefD8dEB,Dave,Farrell,Male,nmccann@example.net,Lawyer
10,8e4FB470FE19bF0,Isaiah,Downs,Male,virginiaterrell@example.org,Engineer site
11,BF0BbA03C29Bb3b,Sheila,Ross,Female,huangcathy@example.com,Advertising account executive
12,F738c69fB34E62E,Stacy,Newton,Male,rayleroy@example.org,Wardenranger
13,C03fDADdAadAdCe,Mandy,Blake,Male,jefferynoble@example.org,Scientist
14,b759b74BD1dE80d,Bridget,Nash,Female,mercedes44@example.com,Social worker
15,1F0B7D65A00DAF9,Crystal,Farmer,Male,pmiranda@example.org,Agricultural consultant
16,50Bb061cB30B461,Thomas,Knight,Female,braunpriscilla@example.net,Sport and exercise psychologist
17,D6dbA5308fEC4BC,Maurice,Rangel,Male,sheenabanks@example.com,Secretary administrator
18,311D775990f066d,Frank,Meadows,Male,gbrewer@example.org,Audiological scientist
19,7F7E1BAcb0C9AFf,Alvin,Paul,Male,gilbertdonaldson@example.com,Teacher adult education
20,88473e15D5c3cD0,Jared,Mitchell,Female,jcortez@example.com,Paediatric nurse
21,b31D271F8c200AB,Jacqueline,Norton,Female,carias@example.net,Scientist marine
22,42F4BdA841aBadC,Colleen,Hatfield,Female,fknox@example.org,Commercial horticulturist
23,cBbBcA0FCA3C4Bc,Randy,Barnes,Male,huangbill@example.org,Outdoor activities education manager
24,f1f89173353aD90,Janice,Rhodes,Female,juarezdominique@example.net,Drilling engineer
25,c5B09fb33e8bA0A,Alfred,Mcneil,Female,cassandramorris@example.com,Systems analyst
26,c9F2282C40BEC1E,Sean,Levine,Male,sallymiller@example.net,Conservation officer nature
27,9c1bc7EC53Fb7cE,Louis,Payne,Male,bsullivan@example.net,Counsellor
28,ddEc50e2A2e3a2B,Brittney,Vega,Female,ayalajose@example.net,Recycling officer
29,66F096D36Ebae11,Judy,Buckley,Male,irosales@example.net,Art gallery manager
30,F0fE2faAd78F8b5,Norman,Weber,Male,mconrad@example.com,Gaffer
31,5d2feAfbdCAA6B5,Isaiah,Camacho,Female,jimblake@example.org,Food technologist
32,cDa5F303fCd6dEa,Jacqueline,Gallagher,Male,nsampson@example.net,Building services engineer
33,8Ef7DBfcaB02b6B,Bonnie,Andrews,Female,caitlin24@example.net,Seismic interpreter
34,6Dec5b5542F8ed8,Brandon,Schmidt,Female,mconley@example.net,Engineer biomedical
35,3Fb8a7f68e12784,Jackson,Sparks,Female,reynoldsdarryl@example.net,Set designer
36,035eff50B9A0F24,Melody,Cook,Male,jeannovak@example.org,Research scientist (life sciences)
37,aa614aAE4B7Cf0C,Leonard,Hurst,Male,clinton78@example.org,Accountant chartered management
38,ACcde95AAe3e6cC,Gene,Rich,Female,luisdeleon@example.org,Surveyo quantity
39,b6a35de5CB6fc25,Cynthia,Wiggins,Female,rosariodave@example.org,Outdoor activities education manager
40,e92A191E345fA3A,Tanya,Mckinney,Female,vickihouston@example.com,Information systems manager
41,7D0AcBF6CCac3fd,Matthew,Stone,Female,evelyn31@example.org,"Scientist, clinical (histocompatibility and immunogenetics)"
42,CEFA7BBCef013AE,Kirk,Walsh,Female,stephenfuller@example.org,Accounting technician
43,9edBC94aE7cA22a,Willie,Vang,Female,haleymathews@example.net,Management consultant
44,fFe7BAA737aDbe2,Miguel,Hill,Female,tyrone56@example.org,Make
45,5F2f3fAca8B0946,Darren,Andrews,Male,lhernandez@example.com,Retail banker
46,6bFcfc3cc1BC6B4,Haley,Pugh,Female,molly03@example.org,Commissioning editor
47,f3BD2cBF7eEb6df,Danielle,Estrada,Female,jvang@example.org,Accountant chartered management
48,Ee4eB129dC7913A,Becky,Brady,Male,erikmueller@example.org,Seismic interpreter
49,dBCEf340C3657Eb,Caitlyn,Frey,Male,rivasdominique@example.org,Jewellery designer
50,E47FB71DD9ACCd9,Joshua,Sweeney,Male,daisymcgee@example.net,Education officer museum
51,eA3fDd79BE9f0E7,Heidi,Escobar,Female,staffordtravis@example.net,Estate manager land agent
52,aF0eE4547Bc025c,Brian,Oconnell,Female,saralong@example.net,Physiotherapist
53,9F5DeD7aD228F5a,Beverly,Esparza,Female,iphelps@example.net,Passenger transport manager
54,D3Fa0220dDE4d36,Nathaniel,Rivas,Female,roberto29@example.com,Call centre manager
55,60FdBFd5e7BE8fF,Debra,Payne,Female,yolanda07@example.org,Special educational needs teacher
56,D8bF5Ab2b98caff,Mackenzie,Rocha,Female,abbottyvette@example.net,Museum gallery exhibitions officer
57,CD8d33aA25bc8BB,Courtney,Watkins,Female,ochang@example.org,Pension scheme manager
58,Fac3BfFf0A3d03c,Fred,Olsen,Female,amyanderson@example.com,Archaeologist
59,e552D7ddafe1FFb,Ryan,Nelson,Female,qnorman@example.org,Historic buildings inspector conservation officer
60,0f8deedb629A5f6,Grace,Phelps,Male,clarkeangela@example.net,Petroleum engineer
61,bB9e49E506F65ed,Shari,Daugherty,Male,kalvarado@example.org,Curator
62,Ed724605A403D91,Kelli,Garner,Male,jodyvincent@example.org,Retail banker
63,0aBE5ACb18E0c10,Jackie,Bennett,Male,hutchinsonkirk@example.com,Neurosurgeon
64,5D2cb63CaAF53f6,Leslie,Conway,Female,floreschristina@example.org,Chiropractor
65,Ee6974f90eeCe18,Harold,Barnett,Female,nathan65@example.org,Biochemist clinical
66,cEf02C076afa07f,Larry,Harper,Male,maria32@example.org,Scientist water quality
67,9Df5Ba591bF3EFf,Mike,Ward,Female,imccullough@example.com,Hydrologist
68,3faB1CBfEFBDdD4,Brittney,Rubio,Female,corey92@example.com,Biochemist clinical
69,Ebcefdf75eCb0a9,Frank,Pineda,Male,daltoncalvin@example.net,Hospital pharmacist
70,e75e5DBfcb68887,Sandra,Wu,Male,ubanks@example.com,Warehouse manager
71,6a53a8D41dDF6de,Ryan,Benton,Male,lopezdebbie@example.org,Physiological scientist
72,F0d3bD1aaf9E3Bc,Tamara,Hull,Male,meagan39@example.net,English as a second language teacher
73,5bC87340799FBD0,Jean,Ritter,Female,kristina76@example.com,Financial trader
74,dBfA17Aaf16b4ab,Veronica,Briggs,Female,weissbridget@example.com,Structural engineer
75,c935b7Eb6FA0B0F,Kim,Andrews,Female,wpetersen@example.org,Biochemist clinical
76,b3e15e65Ca2CcBf,Tina,Cunningham,Male,wongmary@example.org,Race relations officer
77,dade3452F0c32FD,Jonathon,Atkinson,Male,gailfrench@example.net,Psychologist forensic
78,AdEd6cfD85DeC46,Jermaine,Reid,Female,vpaul@example.com,Newspaper journalist
79,DAf111987098ae4,Regina,Stevens,Male,xpoole@example.net,Public house manager
80,6e6a5b885F6496d,Terrence,Huff,Male,cassandra80@example.org,Careers information officer
81,12DCb4ED8E01D5C,Tyler,Foley,Female,johnathan72@example.org,Economist
82,E1cB5cA8CA7CC0a,Andrew,Waters,Male,nhall@example.net,Jewellery designer
83,AedDfaE8Cf49F07,Reginald,Stephenson,Male,erikaball@example.net,Contracting civil engineer
84,bff9853aFAeF772,Douglas,Reese,Female,nixonvanessa@example.net,Higher education lecturer
85,E883773cA5219Be,Helen,Williamson,Female,melvin08@example.net,Lecturer further education
86,CB19EafEbBfF9eC,Mario,Vaughn,Male,oblake@example.com,Research scientist (life sciences)
87,5834700fbEd2771,Chelsea,Dickson,Male,johnnyhendricks@example.net,Teacher early years/pre
88,2b0Ab1Dc9E01D7E,Dustin,Bailey,Male,pbarron@example.net,Travel agency manager
89,3f3a3D89ad042Dd,Harry,Medina,Female,olsenmalik@example.net,Technical sales engineer
90,9425E2F38C408ef,Kathy,Haney,Female,teresa37@example.com,Charity fundraiser
91,F0aeC9c2759F3C6,Alison,Nixon,Female,zmiles@example.net,Patent attorney
92,d6EA619A7C4aA95,Jamie,Hardy,Female,sheenadouglas@example.com,Conservator furniture
93,2A33E7Cad1bb0F5,Melody,Cox,Female,evan90@example.org,Dance movement psychotherapist
94,d181FFB7d3E68bb,Xavier,Cole,Male,nicolas90@example.org,Financial planner
95,feaBf8dAE0C0d6F,Dillon,Guzman,Female,angelanavarro@example.net,Air broker
96,5eFda7caAeB260E,Dennis,Barnes,Female,bmartin@example.org,Software engineer
97,CCbFce93d3720bE,Steve,Patterson,Female,latasha46@example.net,Barrister
98,2fEc528aFAF0b69,Wesley,Bray,Male,regina11@example.org,Police officer
99,Adc7ad9B6e4A1Fe,Summer,Oconnell,Female,alexiscantrell@example.org,Broadcast journalist
100,b8D0aD3490FC7e1,Mariah,Bernard,Male,pcopeland@example.org,IT sales professional
